abailable->available
abandonned->abandoned
abandonning->abandoning
abbrevation->abbreviation
abbrevations->abbreviations
abbriviation->abbreviation
abbriviations->abbreviations
abigious->ambiguous
abilties->abilities
abilty->ability
abitrate->arbitrate
abolute->absolute
abov->above
abreviate->abbreviate
abreviated->abbreviated
abreviates->abbreviates
abreviating->abbreviating
absense->absence
absolut->absolute
absoulte->absolute
abstact->abstract
abstactly->abstractly
acccept->accept
acccepted->accepted
acccepting->accepting
acccepts->accepts
acccess->access
acccessible->accessible
acceleratoin->acceleration
accelleration->acceleration
accesing->accessing
accesnt->accent
accessable->accessible
accesss->access
accidentaly->accidentally
accidential->accidental
accidentially->accidentally
accidentily->accidentally
accidently->accidentally
accidentually->accidentally
accoding->according
accodingly->accordingly
accomadate->accommodate
accomadated->accommodated
accomadates->accommodates
accomadating->accommodating
accomodate->accommodate
accomodates->accommodates
accompagnied->accompanied
accompagnies->accompanies
accompagny->accompany
accompagnying->accompanying
accordint->according
accoring->according
accout->account
accquire->acquire
accquired->acquired
accquires->acquires
accquiring->acquiring
accross->across
acessable->accessible
acess->access
acheive->achieve
acheived->achieved
acheives->achieves
acheiving->achieving
achitecture->architecture
achitectures->architectures
achive->achieve
achived->achieved
achives->achieves
achiving->achieving
achor->anchor
achored->anchored
achoring->anchoring
achors->anchors
acient->ancient
acknoledge->acknowledge
acknoledged->acknowledged
acknoledges->acknowledges
acknoledging->acknowledging
acknowldegement->acknowledgement
acknowlege->acknowledge
acknowleged->acknowledged
acknowleges->acknowledges
acknowleging->acknowledging
ackowledge->acknowledge
ackowledged->acknowledged
acommodate->accommodate
acommodated->accommodated
acommodates->accommodates
acommodating->accommodating
acording->according
acordingly->accordingly
acqure->acquire
acqured->acquired
acqures->acquires
acquring->acquiring
actaul->actual
actaully->actually
activete->activate
acually->actually
acumulating->accumulating
acutally->actually
adapated->adapted
adapater->adapter
adapaters->adapters
adatper->adapter
adatpers->adapters
addd->add
addded->added
addding->adding
adddress->address
adddresses->addresses
addds->adds
addess->address
addessed->addressed
addesses->addresses
addessing->addressing
addional->additional
additionaly->additionally
additionnal->additional
additionnally->additionally
additonal->additional
additonally->additionally
addres->address
addresed->addressed
addreses->addresses
addresing->addressing
addresss->address
addresssed->addressed
addressses->addresses
addresssing->addressing
addtional->additional
addtionally->additionally
aditional->additional
aditionally->additionally
aditionaly->additionally
adminstrative->administrative
adminstrator->administrator
adminstrators->administrators
admissable->admissible
adress->address
adressed->addressed
adresses->addresses
adressing->addressing
advertisment->advertisement
advertisments->advertisements
adviced->advised
afecting->affecting
afer->after
aforementionned->aforementioned
aformentioned->aforementioned
afterall->after all
agains->against
againts->against
agaist->against
aginst->against
agressive->aggressive
agressively->aggressively
agrument->argument
agruments->arguments
agument->argument
aguments->arguments
albumns->albums
alegorical->allegorical
algorith->algorithm
algorithmical->algorithmically
algoritm->algorithm
algoritms->algorithms
algorrithm->algorithm
algorritm->algorithm
alignemnt->alignment
alignemnts->alignments
allign->align
alligned->aligned
alligning->aligning
allignment->alignment
allignments->alignments
alligns->aligns
allmost->almost
allpication->application
allready->already
allthough->although
alltogether->altogether
allways->always
alocate->allocate
alocated->allocated
alocates->allocates
alocating->allocating
alogirhtms->algorithms
alogrithm->algorithm
alogrithms->algorithms
alot->a lot
alow->allow
alows->allows
alpabet->alphabet
alpabetical->alphabetical
alpabetic->alphabetic
alpabets->alphabets
alrady->already
alraedy->already
alreay->already
alreayd->already
alterative->alternative
alteratives->alternatives
alternativly->alternatively
altough->although
alwyas->always
ambigious->ambiguous
ambigous->ambiguous
ammend->amend
ammended->amended
ammending->amending
ammends->amends
ammount->amount
amoung->among
amout->amount
analagous->analogous
analysator->analyzer
ang->and
anniversery->anniversary
annouce->announce
annouced->announced
annoucement->announcement
annouces->announces
annoucing->announcing
announcment->announcement
announcments->announcements
anomolies->anomalies
anomoly->anomaly
anway->anyway
anwser->answer
anwsered->answered
anwsering->answering
anwsers->answers
anyting->anything
aplication->application
appearence->appearance
appeneded->appended
appered->appeared
appers->appears
applicaiton->application
applicaitons->applications
appliction->application
applictions->applications
appplication->application
appplications->applications
appropiate->appropriate
appropriatly->appropriately
approproate->appropriate
appropropriate->appropriate
approriate->appropriate
approriately->appropriately
approximatly->approximately
apropriate->appropriate
apropriately->appropriately
aproximate->approximate
aproximately->approximately
aproximation->approximation
aproximations->approximations
aqcuire->acquire
aqcuired->acquired
aqcuires->acquires
aqcuiring->acquiring
aquaint->acquaint
aquainted->acquainted
aquainting->acquainting
aquaints->acquaints
aquire->acquire
aquired->acquired
aquisition->acquisition
arbitarily->arbitrarily
arbitary->arbitrary
arbitray->arbitrary
archiecture->architecture
archiectures->architectures
architechture->architecture
architechtures->architectures
archvie->archive
archvies->archives
aready->already
are'nt->aren't
arent->aren't
arguement->argument
arguements->arguments
aribtrarily->arbitrarily
aribtrary->arbitrary
arithmatic->arithmetic
aritmetic->arithmetic
arne't->aren't
aroung->around
arount->around
arraival->arrival
arrangment->arrangement
arrangments->arrangements
arround->around
artifical->artificial
artifically->artificially
artillary->artillery
arugment->argument
arugments->arguments
assertation->assertion
assgin->assign
assgined->assigned
assgining->assigning
assginment->assignment
assginments->assignments
assgins->assigns
assiged->assigned
assigment->assignment
assigments->assignments
assignement->assignment
assignements->assignments
assignemnt->assignment
assignemnts->assignments
assistent->assistant
assocate->associate
assocated->associated
assocates->associates
assocating->associating
assocation->association
associcate->associate
associcated->associated
associcates->associates
associcating->associating
assosciate->associate
assosciated->associated
assosciates->associates
assosciating->associating
assosiate->associate
assosiated->associated
assosiates->associates
assosiating->associating
assotiated->associated
asthetic->aesthetic
asuming->assuming
asycronous->asynchronous
asynchonous->asynchronous
asynchonously->asynchronously
asyncronous->asynchronous
asyncronously->asynchronously
atomatically->automatically
atomicly->atomically
attachement->attachment
attatch->attach
attatched->attached
attatches->attaches
attatching->attaching
attatchment->attachment
attatchments->attachments
attched->attached
attemps->attempts
attemt->attempt
attemted->attempted
attemting->attempting
attemtp->attempt
attemtped->attempted
attemtping->attempting
attemtps->attempts
attemts->attempts
attibute->attribute
attibutes->attributes
attirbute->attribute
attirbutes->attributes
attruibutes->attributes
atttribute->attribute
atttributes->attributes
autenticate->authenticate
autenticated->authenticated
autenticates->authenticates
autenticating->authenticating
autentication->authentication
authenticaiton->authentication
authentification->authentication
authorative->authoritative
authoritive->authoritative
automaticall->automatically
automaticaly->automatically
automaticly->automatically
automatize->automate
automatized->automated
automatizes->automates
autonymous->autonomous
auxilary->auxiliary
auxillary->auxiliary
auxilliary->auxiliary
avaiable->available
avaialble->available
avaible->available
availabe->available
availabel->available
availabled->available
availablity->availability
availale->available
availavility->availability
availble->available
availiable->available
availibility->availability
availible->available
avalable->available
avaliable->available
avaluated->evaluated
avaluate->evaluate
avaluates->evaluates
avaluating->evaluating
aviable->available
avilable->available
avod->avoid
avoded->avoided
avoding->avoiding
avods->avoids
aweful->awful
awefully->awfully
backgroud->background
backslashs->backslashes
bahavior->behavior
bakup->backup
bakups->backups
baloon->balloon
baloons->balloons
bandwith->bandwidth
basicly->basically
batery->battery
beacause->because
beacuse->because
beause->because
becasue->because
becomming->becoming
becuase->because
beeing->being
beetween->between
befor->before
beggining->beginning
begining->beginning
behavoir->behavior
behavoirs->behaviors
belive->believe
belived->believed
belives->believes
beliving->believing
bellow->below
benifit->benefit
beteen->between
betweeen->between
betwen->between
beween->between
bianries->binaries
bizzare->bizarre
blindy->blindly
bofore->before
boudaries->boundaries
boudary->boundary
bouding->bounding
boundries->boundaries
boundry->boundary
brige->bridge
briges->bridges
brighness->brightness
brokeness->brokenness
brower->browser
browers->browsers
bufffer->buffer
bufffers->buffers
bugus->bogus
bulding->building
bulid->build
buliding->building
bulids->builds
bulit->built
bulletted->bulleted
cacluate->calculate
cacluated->calculated
cacluates->calculates
cacluating->calculating
cacluation->calculation
cacluations->calculations
caculate->calculate
caculated->calculated
caculates->calculates
caculating->calculating
caculation->calculation
caculations->calculations
calcualte->calculate
calcualted->calculated
calcualtes->calculates
calcualting->calculating
calender->calendar
calulate->calculate
calulated->calculated
calulates->calculates
calulating->calculating
calulation->calculation
cancelation->cancellation
canidate->candidate
canidates->candidates
canonalize->canonicalize
canonalized->canonicalized
canonalizes->canonicalizes
canonalizing->canonicalizing
capabilies->capabilities
capabilites->capabilities
capatibilities->capabilities
captial->capital
carefull->careful
carefuly->carefully
cariage->carriage
casue->cause
casued->caused
casues->causes
catagories->categories
catagory->category
catched->caught
ceate->create
ceated->created
ceates->creates
ceating->creating
cehck->check
cehcked->checked
cehcking->checking
cehcks->checks
certainity->certainty
certficate->certificate
certficates->certificates
certian->certain
certicate->certificate
certicates->certificates
certifcate->certificate
certifcates->certificates
challanage->challenge
challange->challenge
challanges->challenges
changable->changeable
chaning->changing
channle->channel
channles->channels
channnel->channel
channnels->channels
characer->character
characers->characters
charachter->character
charachters->characters
characted->character
characteds->characters
charactor->character
charactors->characters
charater->character
charaters->characters
charcter->character
chatacter->character
chatacters->characters
chcek->check
chceked->checked
chceking->checking
chceks->checks
checksuming->checksumming
cheking->checking
childern->children
childs->children
chnage->change
chnages->changes
choise->choice
choosen->chosen
chosing->choosing
chracter->character
chracters->characters
circut->circuit
circuts->circuits
cirumstance->circumstance
cirumstances->circumstances
clasified->classified
clasifies->classifies
clasify->classify
clasifying->classifying
classess->classes
classs->class
classses->classes
clearified->clarified
clearifies->clarifies
clearify->clarify
clearifying->clarifying
cleint->client
cleints->clients
closeing->closing
coefficent->coefficient
coefficents->coefficients
cofigure->configure
cofigured->configured
cofigures->configures
cofiguring->configuring
colaboration->collaboration
collapsable->collapsible
collecion->collection
collecions->collections
collegue->colleague
collegues->colleagues
collumn->column
collumns->columns
colorfull->colorful
coloum->column
coloumn->column
coloumns->columns
coloums->columns
colum->column
colums->columns
comamnd->command
comamnds->commands
comand->command
comaptible->compatible
combatibility->compatibility
coment->comment
comented->commented
comenting->commenting
coments->comments
comit->commit
commad->command
commads->commands
commerical->commercial
comming->coming
comminucation->communication
commited->committed
commiter->committer
commiters->committers
commiting->committing
committ->commit
commmand->command
commmands->commands
commment->comment
commmented->commented
commmenting->commenting
commments->comments
commoditiy->commodity
commuication->communication
communcation->communication
compability->compatibility
comparision->comparison
comparisions->comparisons
comparsion->comparison
comparsions->comparisons
compatability->compatibility
compatabilty->compatibility
compatable->compatible
compatablities->compatibilities
compatablity->compatibility
compatbility->compatibility
compatiability->compatibility
compatibiliy->compatibility
compatibilty->compatibility
compatiblities->compatibilities
compatiblity->compatibility
competion->completion
competions->completions
compilant->compliant
compleatly->completely
completition->completion
completly->completely
completness->completeness
complient->compliant
complier->compiler
compliers->compilers
complile->compile
compliled->compiled
compliles->compiles
compliling->compiling
compling->compiling
compontent->component
compontents->components
compres->compress
compresed->compressed
compreses->compresses
compresing->compressing
compresion->compression
comptible->compatible
comression->compression
comsumer->consumer
comsumers->consumers
comunication->communication
conatin->contain
conatined->contained
conatining->containing
conatins->contains
conbination->combination
conbinations->combinations
concatentate->concatenate
concatentated->concatenated
concatentates->concatenates
concatentating->concatenating
concatentation->concatenation
concatentations->concatenations
concatination->concatenation
concatinations->concatenations
concatonate->concatenate
concatonated->concatenated
concatonates->concatenates
concatonating->concatenating
concensus->consensus
concurent->concurrent
concurently->concurrently
conditionaly->conditionally
conditionnaly->conditionally
conect->connect
conected->connected
conecting->connecting
conection->connection
conections->connections
conects->connects
conenction->connection
conenctions->connections
conent->content
conents->contents
configration->configuration
configrations->configurations
configuation->configuration
configuations->configurations
configuraion->configuration
configuratoin->configuration
configuraton->configuration
configuratons->configurations
conjuction->conjunction
conneciton->connection
connecitons->connections
connectinos->connections
connnect->connect
connnected->connected
connnecting->connecting
connnection->connection
connnections->connections
connnects->connects
connot->cannot
consequtive->consecutive
consequtively->consecutively
consisent->consistent
consisently->consistently
consistancy->consistency
consistant->consistent
consistenly->consistently
consonent->consonant
consonents->consonants
constructred->constructed
constuctor->constructor
constuctors->constructors
containes->contains
containg->containing
containting->containing
containts->contains
contaisn->contains
contan->contain
contaned->contained
contaning->containing
contans->contains
contein->contain
conteined->contained
conteining->containing
conteins->contains
contence->contents
contigious->contiguous
continous->continuous
continously->continuously
continueing->continuing
contoller->controller
contollers->controllers
contraints->constraints
contributer->contributor
contributers->contributors
contries->countries
controled->controlled
controler->controller
controlers->controllers
controling->controlling
controll->control
controlls->controls
contruct->construct
contructed->constructed
contructing->constructing
contruction->construction
contructions->constructions
contructor->constructor
contructors->constructors
contructs->constructs
contry->country
converstion->conversion
converstions->conversions
convertable->convertible
convertion->conversion
convertions->conversions
convertor->converter
convet->convert
conveted->converted
conveting->converting
convets->converts
convienient->convenient
convieniently->conveniently
convinience->convenience
convinient->convenient
conviniently->conveniently
coodinate->coordinate
coodinates->coordinates
copyrigth->copyright
copyrigthed->copyrighted
copyrigths->copyrights
corected->corrected
corespond->correspond
coresponded->corresponded
corespondence->correspondence
coresponding->corresponding
coresponds->corresponds
correclty->correctly
correctnes->correctness
correponding->corresponding
correponds->corresponds
corresond->correspond
corresonded->corresponded
corresonding->corresponding
corresonds->corresponds
correspoding->corresponding
correspondance->correspondence
correspondes->corresponds
corresponing->corresponding
corresponsing->corresponding
corretly->correctly
cotrol->control
cotrolled->controlled
cotrolling->controlling
cotrols->controls
coudn't->couldn't
could'nt->couldn't
countour->contour
countours->contours
coutner->counter
coutners->counters
coverted->converted
coypright->copyright
creationg->creating
critera->criteria
criterias->criteria
criticial->critical
criticially->critically
crtical->critical
cryptocraphic->cryptographic
cummulative->cumulative
curently->currently
cymk->CMYK
dafault->default
deafault->default
deafult->default
deamon->daemon
debain->Debian
debians->Debian's
debuging->debugging
decalared->declared
decalare->declare
decalares->declares
decalaring->declaring
decendant->descendant
decendent->descendent
declaritive->declarative
declaritively->declaratively
declation->declaration
declations->declarations
decompres->decompress
decompresed->decompressed
decompreses->decompresses
decompresing->decompressing
decribed->described
decribe->describe
decribes->describes
decribing->describing
decription->description
decriptions->descriptions
decriptor->descriptor
decriptors->descriptors
decsriptor->descriptor
decsriptors->descriptors
defailt->default
defalt->default
defautl->default
defered->deferred
defiend->defined
definate->definite
definately->definitely
definining->defining
defininition->definition
defininitions->definitions
definitly->definitely
defintion->definition
defintions->definitions
defualt->default
defult->default
deivce->device
deivces->devices
delared->declared
delare->declare
delares->declares
delaring->declaring
delemiter->delimiter
deleteing->deleting
delimeter->delimiter
delimeters->delimiters
demoninator->denominator
demoninators->denominators
demostrated->demonstrated
demostrate->demonstrate
demostrates->demonstrates
demostrating->demonstrating
depdencies->dependencies
depdency->dependency
depedencies->dependencies
depedency->dependency
depencies->dependencies
depency->dependency
dependancies->dependencies
dependancy->dependency
dependant->dependent
dependecies->dependencies
dependecy->dependency
dependend->dependent
depenencies->dependencies
depenency->dependency
depreacted->deprecated
depreacte->deprecate
deprectated->deprecated
deprectate->deprecate
deprectates->deprecates
deprectating->deprecating
deprected->deprecated
depricated->deprecated
depricate->deprecate
depricates->deprecates
depricating->deprecating
derefenced->dereferenced
desactivate->deactivate
descibed->described
descibe->describe
descibes->describes
descibing->describing
descided->decided
descide->decide
descides->decides
desciding->deciding
desciptor->descriptor
desciptors->descriptors
descriptior->descriptor
descriptiors->descriptors
descripton->description
descriptons->descriptions
descrition->description
descritpion->description
descritpions->descriptions
descryption->description
descryptions->descriptions
desctiptor->descriptor
desctiptors->descriptors
desination->destination
desinations->destinations
desireable->desirable
deskop->desktop
deskops->desktops
desription->description
desriptions->descriptions
desriptor->descriptor
desriptors->descriptors
destiantion->destination
destiantions->destinations
destory->destroy
destoryed->destroyed
destorying->destroying
destorys->destroys
destroi->destroy
destroied->destroyed
destroing->destroying
destrois->destroys
detabase->database
detatch->detach
detatched->detached
detatches->detaches
detatching->detaching
detemined->determined
detemine->determine
detemines->determines
detemining->determining
determing->determining
determins->determines
determinstically->deterministically
determinstic->deterministic
detroy->destroy
detroyed->destroyed
detroying->destroying
detroys->destroys
develoment->development
develoments->developments
develope->develop
developement->development
developements->developments
developped->developed
developpement->development
developper->developer
developpment->development
deveolpment->development
devided->divided
devide->divide
devides->divides
deviding->dividing
diabled->disabled
diable->disable
diables->disables
diabling->disabling
dictionnary->dictionary
did'nt->didn't
didnt->didn't
didnt'->didn't
diferent->different
diferently->differently
diffcult->difficult
diffculties->difficulties
diffculty->difficulty
differenciated->differentiated
differenciate->differentiate
differenciates->differentiates
differenciating->differentiating
differents->different
differnet->different
diffrent->different
difinition->definition
difinitions->definitions
digitial->digital
dimention->dimension
dimentions->dimensions
diplay->display
diplayed->displayed
diplaying->displaying
diplays->displays
dirctories->directories
dirctory->directory
direcories->directories
direcory->directory
directores->directories
directorys->directories
directoy->directory
directries->directories
directry->directory
directy->directly
disapear->disappear
disapeared->disappeared
disapearing->disappearing
disapears->disappears
disapper->disappear
disappered->disappeared
disappering->disappearing
disappers->disappears
disbaled->disabled
disbale->disable
disbales->disables
disbaling->disabling
discernable->discernible
disconnet->disconnect
disconneted->disconnected
disconneting->disconnecting
disconnets->disconnects
discontigous->discontiguous
discontinous->discontinuous
discription->description
discriptions->descriptions
discusion->discussion
dislay->display
dislayed->displayed
dislaying->displaying
dislays->displays
dispath->dispatch
dispathed->dispatched
dispathes->dispatches
dispathing->dispatching
dispertion->dispersion
dispite->despite
dissapear->disappear
dissapeared->disappeared
dissapearing->disappearing
dissapears->disappears
distibuted->distributed
distibute->distribute
distibutes->distributes
distibuting->distributing
distibution->distribution
distibutions->distributions
distiction->distinction
distingush->distinguish
distingushed->distinguished
distingushes->distinguishes
distingushing->distinguishing
distribtion->distribution
distribtions->distributions
distribtuion->distribution
distribtuions->distributions
distrubution->distribution
distrubutions->distributions
divison->division
divisons->divisions
docuement->document
docuements->documents
docuentation->documentation
documantation->documentation
documenation->documentation
documentaion->documentation
documentaiton->documentation
documention->documentation
documetation->documentation
documment->document
documments->documents
doens't->doesn't
doesen't->doesn't
does'nt->doesn't
doesnt->doesn't
doesnt'->doesn't
doesnt't->doesn't
does't->doesn't
doman->domain
domans->domains
donnot->do not
dont->don't
dont'->don't
dont't->don't
donwload->download
donwloaded->downloaded
donwloading->downloading
donwloads->downloads
dosen't->doesn't
downlad->download
downlads->downloads
draging->dragging
droped->dropped
droppped->dropped
dumplicated->duplicated
dumplicate->duplicate
dumplicates->duplicates
dumplicating->duplicating
dupliate->duplicate
dupliates->duplicates
durring->during
dynamicly->dynamically
dynmaically->dynamically
dynmaic->dynamic
eample->example
eamples->examples
easilly->easily
ecspecially->especially
edditable->editable
editting->editing
effectly->effectively
efficency->efficiency
efficent->efficient
efficently->efficiently
effiency->efficiency
effient->efficient
effiently->efficiently
egde->edge
egdes->edges
eletronic->electronic
eligable->eligible
elliminated->eliminated
elliminate->eliminate
elliminates->eliminates
elliminating->eliminating
elment->element
elments->elements
elminated->eliminated
elminate->eliminate
elminates->eliminates
elminating->eliminating
embeddded->embedded
embeddeding->embedding
embeded->embedded
emptry->empty
emtied->emptied
emties->empties
emtpy->empty
emty->empty
emtying->emptying
enbaled->enabled
enbale->enable
enbales->enables
enbaling->enabling
enchanced->enhanced
enconding->encoding
encondings->encodings
encorporating->incorporating
encosed->enclosed
encose->enclose
encoses->encloses
encosing->enclosing
encrytion->encryption
encyption->encryption
endianes->endianness
endianess->endianness
endiannes->endianness
enhaced->enhanced
enhancment->enhancement
enhancments->enhancements
enitities->entities
enitity->entity
enlightnment->enlightenment
enocded->encoded
enought->enough
enrties->entries
enrty->entry
enterily->entirely
entites->entities
entitities->entities
entitity->entity
entrys->entries
enumarated->enumerated
enumarate->enumerate
enumarates->enumerates
enumarating->enumerating
envionment->environment
envireonment->environment
envirnmental->environmental
envirnment->environment
envirnments->environments
envirnoment->environment
envirnoments->environments
enviroiment->environment
enviromental->environmental
enviromentally->environmentally
enviroment->environment
enviroments->environments
environement->environment
environemntal->environmental
environemnt->environment
environemnts->environments
environent->environment
eqivalent->equivalent
equiped->equipped
equivelant->equivalent
equivilant->equivalent
equvalent->equivalent
eroneous->erroneous
eror->error
erorr->error
erorrs->errors
erors->errors
erroneus->erroneous
erroneusly->erroneously
erronous->erroneous
erronously->erroneously
errorneous->erroneous
errorneously->erroneously
errror->error
errrors->errors
esential->essential
esentially->essentially
espacially->especially
estbalishment->establishment
etsablishment->establishment
etsbalishment->establishment
evalutated->evaluated
evalutate->evaluate
evalutates->evaluates
evalutating->evaluating
evaluted->evaluated
evalute->evaluate
evalutes->evaluates
evaluting->evaluating
eventhough->even though
eventuall->eventually
everbody->everybody
everone->everyone
everthing->everything
everwhere->everywhere
everyhing->everything
everythings->everything
everyting->everything
evironment->environment
evironments->environments
exacly->exactly
exagerated->exaggerated
exagerate->exaggerate
exagerates->exaggerates
exagerating->exaggerating
exapmle->example
exapmles->examples
excact->exact
excactly->exactly
excecutable->executable
exceded->exceeded
excellant->excellent
excercised->exercised
excercise->exercise
excercises->exercises
excercising->exercising
excpected->expected
excpect->expect
excpecting->expecting
excpects->expects
excutable->executable
excutables->executables
excuted->executed
excute->execute
excutes->executes
excuting->executing
exeception->exception
execeptions->exceptions
exection->execution
exections->executions
exectuable->executable
exectuables->executables
exectution->execution
exectutions->executions
execuable->executable
execuables->executables
executeable->executable
executeables->executables
exension->extension
exensions->extensions
exept->except
exeption->exception
exeptions->exceptions
exising->existing
exisiting->existing
existance->existence
existant->existent
exlcude->exclude
exlcusive->exclusive
exlicit->explicit
exlicitly->explicitly
exlusive->exclusive
exlusively->exclusively
exmaple->example
expecially->especially
expectes->expects
expection->exception
expections->exceptions
expeted->expected
explaination->explanation
explainations->explanations
explantion->explanation
explantions->explanations
explicitely->explicitly
explicitily->explicitly
explicity->explicitly
explict->explicit
explictly->explicitly
explit->explicit
explitly->explicitly
expresion->expression
expresions->expressions
expresssion->expression
expresssions->expressions
exprimental->experimental
extened->extended
extensability->extensibility
extenstion->extension
extenstions->extensions
extented->extended
extention->extension
extentions->extensions
extesion->extension
extesions->extensions
extracter->extractor
extraenous->extraneous
extrememly->extremely
extremly->extremely
faciliated->facilitated
faciliate->facilitate
faciliates->facilitates
faciliating->facilitating
faild->failed
failue->failure
failuer->failure
failues->failures
falg->flag
falgs->flags
faliure->failure
faliures->failures
familar->familiar
fatser->faster
feasable->feasible
featue->feature
featues->features
feauture->feature
feautures->features
feeded->fed
fetaure->feature
fetaures->features
ficticious->fictitious
filesytem->filesystem
filesytems->filesystems
fileystem->filesystem
fileystems->filesystems
findout->find out
finsihed->finished
finsihes->finishes
finsih->finish
finsihing->finishing
fisrt->first
fitler->filter
fitlers->filters
flaged->flagged
flexable->flexible
flie->file
floting->floating
flusing->flushing
foget->forget
fogot->forgot
fogotten->forgotten
folllowed->followed
folllow->follow
folllowing->following
folllows->followings
folloing->following
follwing->following
follwoing->following
folowing->following
forbiden->forbidden
foreing->foreign
forground->foreground
formaly->formally
formated->formatted
formating->formatting
forseeable->foreseeable
forse->force
fortan->fortran
fortunatly->fortunately
forunate->fortunate
forunately->fortunately
forwaded->forwarded
forwad->forward
forwading->forwarding
forwads->forwards
forwardig->forwarding
fowarded->forwarded
foward->forward
fowarding->forwarding
fowards->forwards
fragement->fragment
fragements->fragments
framwork->framework
freqencies->frequencies
freqency->frequency
frequncies->frequencies
frequncy->frequency
frontent->frontend
frontents->frontends
fucntion->function
fucntions->functions
fuction->function
fuctions->functions
fullfilled->fulfilled
fullfill->fulfill
fullfilling->fulfilling
fullfills->fulfills
funcion->function
funcions->functions
funciton->function
funcitons->functions
functin->function
functins->functions
functionallity->functionality
functionaly->functionally
functionnality->functionality
functios->functions
functiosn->functions
functonality->functionality
functon->function
functons->functions
fundemental->fundamental
fundementally->fundamentally
funtional->functional
funtionalities->functionalities
funtionality->functionality
funtion->function
funtions->functions
furthur->further
futher->further
futhermore->furthermore
gauranteed->guaranteed
gaurantee->guarantee
gauranteeing->guaranteeing
gaurantees->guarantees
gausian->Gaussian
generater->generator
generaters->generators
genereated->generated
genereate->generate
genereates->generates
genereating->generating
generiously->generously
genrated->generated
genrate->generate
genrates->generates
genrating->generating
genreated->generated
genreate->generate
genreates->generates
genreating->generating
genric->generic
geomtry->geometry
geting->getting
gived->given
glpyh->glyph
glpyhs->glyphs
goind->going
goverment->government
grabed->grabbed
grabing->grabbing
grahical->graphical
grahpical->graphical
gramatically->grammatically
grammer->grammar
grammers->grammars
grapic->graphic
guage->gauge
guaranted->guaranteed
guarenteed->guaranteed
guarentee->guarantee
guarenteeing->guaranteeing
guarentees->guarantees
guarranteed->guaranteed
guarrantee->guarantee
guarranteeing->guaranteeing
guarrantees->guarantees
guassian->Gaussian
guidline->guideline
guidlines->guidelines
guranteed->guaranteed
gurantee->guarantee
guranteeing->guaranteeing
gurantees->guarantees
halfs->halves
hander->handler
handfull->handful
hanled->handled
hanle->handle
hanles->handles
hanling->handling
hanshake->handshake
hanshakes->handshakes
hapening->happening
happend->happened
happenned->happened
harcoded->hardcoded
harcode->hardcode
harcodes->hardcodes
harcoding->hardcoding
harware->hardware
has'nt->hasn't
have'nt->haven't
havent->haven't
havn't->haven't
heigt->height
heigth->height
heirarchical->hierarchical
heirarchically->hierarchically
heirarchies->hierarchies
heirarchy->hierarchy
helpfull->helpful
hexidecimal->hexadecimal
hiddden->hidden
hidding->hiding
hiearchies->hierarchies
hiearchy->hierarchy
hierachical->hierarchical
hierachies->hierarchies
hierachy->hierarchy
hierarchie->hierarchy
higer->higher
highlighing->highlighting
highlightning->highlighting
highligted->highlighted
highligt->highlight
highligting->highlighting
highligts->highlights
hightlighted->highlighted
hightlight->highlight
hightlighting->highlighting
hightlights->highlights
higlighted->highlighted
higlight->highlight
higlighting->highlighting
higlights->highlights
hilighted->highlighted
hilight->highlight
hilighting->highlighting
hilights->highlights
hopefuly->hopefully
horzontal->horizontal
horzontally->horizontally
hovewer->however
howerver->however
howver->however
hypenated->hyphenated
hypenate->hyphenate
hypenates->hyphenates
hypenating->hyphenating
hypenation->hyphenation
hypen->hyphen
hypens->hyphens
identifer->identifier
identifers->identifiers
idicated->indicated
idicate->indicate
idicates->indicates
idicating->indicating
igored->ignored
igore->ignore
igores->ignores
igoring->ignoring
imediate->immediate
imediately->immediately
imediatly->immediately
immeadiately->immediately
immedate->immediate
immedately->immediately
immediatelly->immediately
immediatly->immediately
immidiate->immediate
immmediate->immediate
immmediately->immediately
impementation->implementation
impementations->implementations
implemantation->implementation
implemementation->implementation
implemementations->implementations
implememented->implemented
implemement->implement
implemementing->implementing
implemements->implements
implemenation->implementation
implemenations->implementations
implementaion->implementation
implementaions->implementations
implementaiton->implementation
implementaitons->implementations
implementated->implemented
implementatin->implementation
implementatins->implementations
implemention->implementation
implemetation->implementation
implemeted->implemented
implemet->implement
implemeting->implementing
implemets->implements
implemntation->implementation
implemntations->implementations
implentation->implementation
implentations->implementations
implicitely->implicitly
implicity->implicitly
implmentation->implementation
implmented->implemented
implment->implement
implmenting->implementing
implments->implements
impoved->improved
impove->improve
impoves->improves
impoving->improving
improvment->improvement
improvments->improvements
inacccessible->inaccessible
inadvertant->inadvertent
inadvertantly->inadvertently
incase->in case
inclding->including
incldued->included
incldue->include
incldues->includes
inclued->included
inclue->include
inclues->includes
incluing->including
incomaptible->incompatible
incombatibilities->incompatibilities
incombatibility->incompatibility
incomming->incoming
incompatabilities->incompatibilities
incompatability->incompatibility
incompatable->incompatible
incompatablities->incompatibilities
incompatablity->incompatibility
incompatbility->incompatibility
incompatiability->incompatibility
incompatiblities->incompatibilities
incompatiblity->incompatibility
incomptible->incompatible
inconsisent->inconsistent
inconsisently->inconsistently
inconsistant->inconsistent
inconsistenly->inconsistently
inconvertable->inconvertible
inconvienient->inconvenient
incoporated->incorporated
incoporate->incorporate
incoporates->incorporates
incoporating->incorporating
incorperated->incorporated
incorperate->incorporate
incorperates->incorporates
incorperating->incorporating
incorreclty->incorrectly
incosistent->inconsistent
increas->increase
incrmental->incremental
incrmentally->incrementally
incrmented->incremented
incrment->increment
incrmenting->incrementing
incrments->increments
incuded->included
incude->include
incudes->includes
incuding->including
incure->incur
indeces->indices
indempotent->idempotent
indendation->indentation
indended->intended
indentical->identical
indentification->identification
indentified->identified
indentifies->identifies
indentify->identify
indentifying->identifying
independant->independent
independantly->independently
independed->independent
independend->independent
indepenent->independent
indepenently->independently
indiated->indicated
indiate->indicate
indiates->indicates
indiating->indicating
indiciated->indicated
indiciate->indicate
indiciates->indicates
indiciating->indicating
indicte->indicate
indictes->indicates
indipendent->independent
indipendently->independently
indivdual->individual
indivdually->individually
indivudual->individual
indivudually->individually
inefficency->inefficiency
ineffient->inefficient
ineffiently->inefficiently
infered->inferred
infering->inferring
inferrence->inference
inflexable->inflexible
infomation->information
informaion->information
informatiom->information
informations->information
informtion->information
infromation->information
ingored->ignored
ingore->ignore
ingores->ignores
ingoring->ignoring
inheritence->inheritance
inital->initial
initalisation->initialisation
initalised->initialised
initalise->initialise
initalises->initialises
initalising->initialising
initalization->initialization
initalized->initialized
initalize->initialize
initalizes->initializes
initalizing->initializing
initators->initiators
initializiation->initialization
initialsed->initialised
initialse->initialise
initialses->initialises
initialysed->initialised
initialyse->initialise
initialyses->initialises
initialysing->initialising
initialyzed->initialized
initialyze->initialize
initialyzes->initializes
initialyzing->initializing
initialzed->initialized
initialze->initialize
initialzes->initializes
initialzing->initializing
initiliased->initialised
initiliase->initialise
initiliases->initialises
initiliasing->initialising
initiliazed->initialized
initiliaze->initialize
initiliazes->initializes
initiliazing->initializing
initilisation->initialisation
initilisations->initialisations
initilised->initialised
initilise->initialise
initilises->initialises
initilising->initialising
initilization->initialization
initilizations->initializations
initilized->initialized
initilize->initialize
initilizes->initializes
initilizing->initializing
inlcuded->included
inlcude->include
inlcudes->includes
inlcuding->including
innacurate->inaccurate
innacurately->inaccurately
inofficial->unofficial
inproper->improper
inproperly->improperly
insde->inside
insensistive->insensitive
insensistively->insensitively
instalation->installation
instalations->installations
instanciated->instantiated
instanciate->instantiate
instanciates->instantiates
instanciating->instantiating
instanciation->instantiation
instanciations->instantiations
ins't->isn't
intance->instance
intances->instances
intead->instead
inteface->interface
integreated->integrated
integrety->integrity
integrey->integrity
intendet->intended
intentially->intentionally
intepreted->interpreted
intepreter->interpreter
intepreters->interpreters
intepreting->interpreting
intepret->interpret
inteprets->interprets
interace->interface
interaces->interfaces
interanl->internal
interanlly->internally
interator->iterator
interators->iterators
interchangable->interchangeable
interchangably->interchangeably
interesected->intersected
interesecting->intersecting
interesect->intersect
interesection->intersection
interesections->intersections
interesects->intersects
interferred->interfered
interferring->interfering
interger->integer
intergers->integers
intermidiate->intermediate
intermittant->intermittent
internation->international
internel->internal
internels->internals
interpeted->interpreted
interpeter->interpreter
interpeters->interpreters
interpeting->interpreting
interpet->interpret
interpets->interprets
interpretes->interprets
interrrupted->interrupted
interrrupting->interrupting
interrrupt->interrupt
interrrupts->interrupts
interruped->interrupted
interruping->interrupting
interrups->interrupts
interupted->interrupted
interupting->interrupting
interupt->interrupt
interupts->interrupts
intiailised->initialised
intiailise->initialise
intiailises->initialises
intiailized->initialized
intiailize->initialize
intiailizes->initializes
intiailizing->initialising
intiailizing->initializing
intial->initial
intialisation->initialisation
intialised->initialised
intialise->initialise
intialises->initialises
intialising->initialising
intialization->initialization
intialized->initialized
intialize->initialize
intializes->initializes
intializing->initializing
intially->initially
intregral->integral
intrrupted->interrupted
intrrupting->interrupting
intrrupt->interrupt
intrrupts->interrupts
intruction->instruction
intructions->instructions
intrumented->instrumented
intrumenting->instrumenting
intrument->instrument
intruments->instruments
intuative->intuitive
invaid->invalid
invalud->invalid
invarient->invariant
invididual->individual
invidual->individual
invidually->individually
invokation->invocation
invokations->invocations
irrelevent->irrelevant
isntance->instance
isntances->instances
is'nt->isn't
isnt->isn't
isssue->issue
isssues->issues
issueing->issuing
istead->instead
iterface->interface
iterfaces->interfaces
itialised->initialised
itialise->initialise
itialises->initialises
itialized->initialized
itialize->initialize
itializes->initializes
itializing->initializing
itsef->itself
itselfs->itself
itslef->itself
jave->java
keyboad->keyboard
keyboads->keyboards
keybord->keyboard
keybords->keyboards
keywork->keyword
knowlege->knowledge
knwon->known
lables->labels
langage->language
langauage->language
langauge->language
langauges->languages
langugage->language
languge->language
languges->languages
laoded->loaded
laoding->loading
laod->load
laods->loads
lauched->launched
laucher->launcher
lauches->launches
lauching->launching
lauch->launch
leats->least
leightweight->lightweight
lengh->length
lenghs->lengths
lenght->length
lenghts->lengths
lenghty->lengthy
lengthes->lengths
lenth->length
lesstiff->lesstif
libaries->libraries
libary->library
librairies->libraries
libraris->libraries
licenceing->licencing
licese->license
ligth->light
likelyhood->likelihood
limted->limited
lintain->lintian
litle->little
loggging->logging
loggin->login
logile->logfile
longers->longer
loosly->loosely
losely->loosely
machanism->mechanism
machanisms->mechanisms
machinary->machinery
maching->matching
maintainance->maintenance
maintainence->maintenance
maintaing->maintaining
maintance->maintenance
maintan->maintain
makeing->making
malicously->maliciously
malicous->malicious
malplaced->misplaced
malplace->misplace
mamory->memory
managable->manageable
managment->management
manangement->management
mangement->management
mannually->manually
mannual->manual
manoeuvering->maneuvering
mantained->maintained
mantainer->maintainer
mantaining->maintaining
mantain->maintain
mantains->maintains
manully->manually
manupulation->manipulation
manupulations->manipulations
mappping->mapping
mapppings->mappings
matchin->matching
matcing->matching
mathimatical->mathematical
mathimatic->mathematic
mathimatics->mathematics
maximimum->maximum
maxium->maximum
mecanism->mechanism
mecanisms->mechanisms
mechamism->mechanism
mechamisms->mechanisms
mentiond->mentioned
mentionned->mentioned
ment->meant
mesage->message
mesages->messages
messags->messages
messanger->messenger
messangers->messengers
messge->message
messges->messages
messsage->message
messsages->messages
microprocesspr->microprocessor
milisecond->millisecond
miliseconds->milliseconds
millenium->millennium
milliseonds->milliseconds
mimicing->mimicking
mimick->mimic
mimicks->mimics
mimimum->minimum
minimun->minimum
mininum->minimum
miniscule->minuscule
minium->minimum
miniums->minimums
minumum->minimum
miscelaneous->miscellaneous
miscellanous->miscellaneous
miscelleneous->miscellaneous
misformed->malformed
mismached->mismatched
mismaches->mismatches
mismaching->mismatching
mismach->mismatch
mispelled->misspelled
mispelt->misspelt
missconfiguration->misconfiguration
missconfigured->misconfigured
missconfigure->misconfigure
missconfigures->misconfigures
missconfiguring->misconfiguring
missleading->misleading
missmatched->mismatched
missmatches->mismatches
missmatching->mismatching
missmatch->mismatch
mmnemonic->mnemonic
modfied->modified
modfies->modifies
modfying->modifying
modfy->modify
modifed->modified
modifes->modifies
modifing->modifying
modulues->modules
monochorome->monochrome
monochromo->monochrome
monocrome->monochrome
morever->moreover
mroe->more
mssing->missing
mulitple->multiple
mulitplied->multiplied
multible->multiple
multidimensionnal->multidimensional
multipe->multiple
multipes->multiples
multipled->multiplied
multple->multiple
multplied->multiplied
multplies->multiplies
multplying->multiplying
multply->multiply
mumber->number
mumbers->numbers
musn't->mustn't
mutiple->multiple
mutliple->multiple
nam->name
nams->names
navagating->navigating
nead->need
neccecarily->necessarily
neccecary->necessary
neccesarily->necessarily
neccesary->necessary
neccessarily->necessarily
neccessary->necessary
necesarily->necessarily
necesarrily->necessarily
necesarry->necessary
necesary->necessary
necessarilly->necessarily
necessar->necessary
necesserily->necessarily
necessery->necessary
nedded->needed
neeeded->needed
neeeding->needing
neeed->need
neeeds->needs
negociated->negotiated
negociate->negotiate
negociates->negotiates
negociating->negotiating
negociation->negotiation
negociations->negotiations
negotation->negotiation
nescessarily->necessarily
nescessary->necessary
nesesarily->necessarily
nessecarily->necessarily
nessecary->necessary
nessesarily->necessarily
nessesary->necessary
nessessarily->necessarily
nessessary->necessary
nework->network
neworks->networks
newtork->network
nonexistant->nonexistent
nontheless->nonetheless
noone->no one
normaly->normally
nothern->northern
noticable->noticeable
noticably->noticeably
notications->notifications
notifcation->notification
notifcations->notifications
notifed->notified
notifiying->notifying
notifiy->notify
nubmer->number
nubmers->numbers
numberal->numeral
numberals->numerals
numebr->number
numebrs->numbers
numering->numbering
numner->number
numners->numbers
nunber->number
nunbers->numbers
observered->observed
obsure->obscure
o'caml->OCaml
occassionally->occasionally
occationally->occasionally
occoured->occurred
occouring->occurring
occour->occur
occourring->occurring
occours->occurs
occurance->occurrence
occurances->occurrences
occured->occurred
occurence->occurrence
occurences->occurrences
occure->occur
occuring->occurring
occurrance->occurrence
occurrances->occurrences
ocupied->occupied
ocupies->occupies
ocupying->occupying
ocupy->occupy
ocurrence->occurrence
ocurrences->occurrences
offet->offset
offets->offsets
offical->official
officialy->officially
ofthe->of the
omitt->omit
ommited->omitted
ommiting->omitting
ommit->omit
ommits->omits
ommitted->omitted
ommitting->omitting
onself->oneself
onthe->on the
opague->opaque
openened->opened
openned->opened
openning->opening
opertaion->operation
opertaions->operations
opion->option
opions->options
optinally->optionally
optinal->optional
optionaly->optionally
optionnal->optional
optmization->optimization
optmizations->optimizations
orderd->ordered
orginally->originally
orginal->original
orginated->originated
orginate->originate
orginates->originates
orginating->originating
orgin->origin
orientatied->orientated
orientied->oriented
origionally->originally
origional->original
orignal->original
oscilated->oscillated
oscilate->oscillate
oscilating->oscillating
otehr->other
otherise->otherwise
otherwhise->otherwise
othwerwise->otherwise
ouptut->output
ouput->output
ouputs->outputs
ouputted->outputted
ouputting->outputting
outputing->outputting
outut->output
overaall->overall
overidden->overridden
overide->override
overides->overrides
overiding->overriding
overlaped->overlapped
overlaping->overlapping
overridded->overridden
overridding->overriding
overrided->overridden
overriden->overridden
overrridden->overridden
overrriden->overridden
overrride->override
overrriding->overriding
overun->overrun
overwite->overwrite
overwites->overwrites
overwitten->overwritten
overwriten->overwritten
ovverridden->overridden
ovverride->override
ovverrides->overrides
ovverriding->overriding
owership->ownership
pacakge->package
pachage->package
pach->patch
packacge->package
packege->package
packge->package
packges->packages
pakage->package
palete->palette
pallete->palette
pallette->palette
paniced->panicked
panicing->panicking
paralellism->parallelism
paralell->parallel
paralel->parallel
parallell->parallel
parallization->parallelization
parallized->parallelized
parallize->parallelize
parallizes->parallelizes
parallizing->parallelizing
paramameters->parameters
paramater->parameter
paramaters->parameters
parametes->parameters
parametised->parametrised
paramter->parameter
paramters->parameters
parantheses->parentheses
paranthesis->parenthesis
paremeter->parameter
paremeters->parameters
parenthesed->parenthesized
particuarly->particularly
particuar->particular
particularily->particularly
partioning->partitioning
pased->passed
pathes->paths
paticularly->particularly
paticular->particular
pecularities->peculiarities
pecularity->peculiarity
peformance->performance
peice->piece
peices->pieces
penalities->penalties
penality->penalty
pendantic->pedantic
peprocessor->preprocessor
peraphs->perhaps
perfomance->performance
perfomed->performed
perfoming->performing
perfom->perform
perfoms->performs
performace->performance
perfromance->performance
perfromed->performed
perfroming->performing
perfrom->perform
perfroms->performs
peristent->persistent
permanantly->permanently
permanant->permanent
permision->permission
permisions->permissions
permissable->permissible
permissons->permissions
permuation->permutation
permuations->permutations
peroid->period
peroids->periods
persistance->persistence
persistant->persistent
personnal->personal
perviously->previously
pervious->previous
phyiscally->physically
phyiscal->physical
pitty->pity
plaform->platform
plaforms->platforms
plase->please
platfrom->platform
platfroms->platforms
plattform->platform
plattforms->platforms
pleaes->please
ploting->plotting
poinnter->pointer
poiter->pointer
poiters->pointers
poluted->polluted
polute->pollute
polutes->pollutes
poluting->polluting
polution->pollution
portugese->Portuguese
posibilities->possibilities
posibility->possibility
posible->possible
positionned->positioned
positon->position
positons->positions
positve->positive
positves->positives
possesion->possession
possibe->possible
possibilites->possibilities
possibilties->possibilities
possibilty->possibility
possiblities->possibilities
possiblity->possibility
postgressql->PostgreSQL
postion->position
postions->positions
postive->positive
postives->positives
potentally->potentially
potental->potential
powerfull->powerful
prcesses->processes
prcess->process
preceeded->preceded
preceeding->preceding
preceed->precede
preceeds->precedes
precendence->precedence
precison->precision
precission->precision
predifined->predefined
prefered->preferred
preferrable->preferable
preferrably->preferably
prefferable->preferable
prefferably->preferably
preformance->performance
prepaired->prepared
prepartion->preparation
prepartions->preparations
prerequisit->prerequisite
prerequisits->prerequisites
prerequsite->prerequisite
prerequsites->prerequisites
presense->presence
prevously->previously
prevous->previous
priciple->principle
priciples->principles
primative->primitive
princliple->principle
priorty->priority
priveleged->privileged
privelege->privilege
priveleges->privileges
privilaged->privileged
privilage->privilege
privilages->privileges
priviledge->privilege
priviledges->privileges
privilige->privilege
priviliges->privileges
probaly->probably
probelm->problem
probelms->problems
proberly->properly
problably->probably
problimatic->problematic
problme->problem
problmes->problems
procceed->proceed
proccesors->processors
proccesses->processes
proccess->process
proceded->proceeded
procede->proceed
procedes->proceeds
proceding->proceeding
proceedure->procedure
proceedures->procedures
proceeeded->proceeded
proceeeding->proceeding
proceeed->proceed
proceeeds->proceeds
procesed->processed
proceses->processes
proces->process
processessing->processing
processess->processes
processpr->processor
processsed->processed
processses->processes
processsing->processing
processs->process
proctected->protected
proctecting->protecting
proctect->protect
proctects->protects
procude->produce
progams->programs
progess->progress
programatically->programmatically
programatic->programmatic
programers->programmers
programing->programming
programm->program
programms->programs
progresss->progress
promiscous->promiscuous
promps->prompts
pronnounced->pronounced
prononciation->pronunciation
pronouce->pronounce
pronounciation->pronunciation
pronunce->pronounce
properies->properties
propery->property
propigate->propagate
propigation->propagation
propogated->propagated
propogate->propagate
propogates->propagates
propogating->propagating
prosess->process
protable->portable
protcol->protocol
protecion->protection
protocal->protocol
protocals->protocols
protocoll->protocol
protoype->prototype
protoypes->prototypes
psuedo->pseudo
psychadelic->psychedelic
qouted->quoted
qoute->quote
qoutes->quotes
qouting->quoting
queing->queueing
quering->querying
quiting->quitting
reachs->reaches
readabilty->readability
reamde->README
reasearcher->researcher
reasearchers->researchers
reasearch->research
reasonble->reasonable
reasonbly->reasonably
reasonnable->reasonable
reasonnably->reasonably
rebuliding->rebuilding
rebulid->rebuild
rebulids->rebuilds
rebulit->rebuilt
reccommended->recommended
reccommending->recommending
reccommend->recommend
reccommends->recommends
receieved->received
receieve->receive
receieves->receives
receieving->receiving
recepient->recipient
recepients->recipients
receved->received
receve->receive
receves->receives
recevied->received
recevie->receive
recevies->receives
receving->receiving
recieved->received
recieve->receive
reciever->receiver
recieves->receives
recieving->receiving
recipies->recipes
recived->received
recive->receive
recives->receives
reciving->receiving
recogized->recognized
recogize->recognize
recogizes->recognizes
recogizing->recognizing
recogniced->recognised
recognizeable->recognizable
recomended->recommended
recomending->recommending
recomend->recommend
recomends->recommends
recommanded->recommended
recommeded->recommended
recommeding->recommending
recommed->recommend
recommeds->recommends
recommented->recommended
rectange->rectangle
rectanges->rectangles
recurrance->recurrence
recursivly->recursively
recyled->recycled
recyle->recycle
recyles->recycles
recyling->recycling
redefintion->redefinition
redefintions->redefinitions
redircet->redirect
redirectrion->redirection
reenabled->re-enabled
reenable->re-enable
reencode->re-encode
refected->reflected
refecting->reflecting
refect->reflect
refects->reflects
refence->reference
refences->references
refered->referred
refering->referring
refernced->referenced
refernce->reference
refernces->references
referncing->referencing
refeshed->refreshed
refeshes->refreshes
refeshing->refreshing
refesh->refresh
refrenced->referenced
refrence->reference
refrences->references
refrencing->referencing
regaring->regarding
regarless->regardless
registed->registered
registeing->registering
registerd->registered
registe->register
registes->registers
registraration->registration
registred->registered
regsitered->registered
regsitering->registering
regsiter->register
regsiters->registers
regstered->registered
regstering->registering
regster->register
regsters->registers
regualarly->regularly
regualar->regular
regulamentations->regulations
regularily->regularly
reigstered->registered
reigstering->registering
reigster->register
reigsters->registers
reimplmentation->reimplementation
reimplmented->reimplemented
reimplmenting->reimplementing
reimplment->reimplement
reimplments->reimplements
relased->released
relase->release
relases->releases
relasing->releasing
relativly->relatively
releasse->release
releated->related
reletively->relatively
reletive->relative
relevent->relevant
relocateable->relocatable
remaing->remaining
remebered->remembered
remebering->remembering
remeber->remember
remebers->remembers
remoote->remote
removeable->removable
renderering->rendering
renegotation->renegotiation
repaced->replaced
repace->replace
repaces->replaces
repacing->replacing
repeatly->repeatedly
repectively->respectively
repective->respective
repetion->repetition
repetions->repetitions
replacable->replaceable
replacments->replacements
replys->replies
reponse->response
reponses->responses
reponsibilities->responsibilities
reponsibility->responsibility
reponsible->responsible
repostiories->repositories
repostiory->repository
representaion->representation
representaions->representations
represneted->represented
represneting->representing
represnet->represent
represnets->represents
reproducable->reproducible
repsonse->response
repsonses->responses
reqeust->request
reqeusts->requests
requiered->required
requiere->require
requieres->requires
requiering->requiring
requirment->requirement
requirments->requirements
requred->required
requrested->requested
requresting->requesting
requrest->request
requrests->requests
requried->required
requsted->requested
requsting->requesting
requst->request
requsts->requests
resemblence->resemblance
reserverd->reserved
reseted->reset
reseting->resetting
resetted->reset
resgister->register
resgisters->registers
resistent->resistant
resizeable->resizable
resloved->resolved
reslove->resolve
resloves->resolves
resloving->resolving
resonable->reasonable
resouce->resource
resouces->resources
resoure->resource
resoures->resources
responce->response
responces->responses
responsabilities->responsibilities
responsability->responsibility
responsed->responded
responsiblity->responsibility
responsing->responding
resposible->responsible
respositories->repositories
respository->repository
ressize->resize
ressource->resource
ressources->resources
ressurected->resurrected
ressurecting->resurrecting
ressurect->resurrect
ressurects->resurrects
resursively->recursively
resursive->recursive
retored->restored
retore->restore
retores->restores
retoring->restoring
retransmited->retransmitted
retreived->retrieved
retreive->retrieve
retrived->retrieved
retrive->retrieve
retrives->retrieves
retriving->retrieving
retuns->returns
retured->returned
returing->returning
returnd->returned
returnes->returns
retur->return
returs->returns
reuest->request
reuests->requests
reuqested->requested
reuqesting->requesting
reuqest->request
reuqests->requests
rewriten->rewritten
rigth->right
rigths->rights
rigt->right
rmeoved->removed
rmeove->remove
rmeoves->removes
rougly->roughly
rountine->routine
rountines->routines
routins->routines
rquested->requested
rquesting->requesting
rquest->request
rquests->requests
runing->running
runned->ran
runnig->running
runnning->running
sacrifying->sacrificing
safly->safely
saftey->safety
safty->safety
santized->sanitized
santize->sanitize
santizes->sanitizes
santizing->sanitizing
satified->satisfied
satifies->satisfies
satifying->satisfying
satify->satisfy
satisfiabilty->satisfiability
satisified->satisfied
satisifies->satisfies
satisifying->satisfying
satisify->satisfy
savable->saveable
savely->safely
savety->safety
scalled->scaled
scaned->scanned
scaning->scanning
scolling->scrolling
seached->searched
seaches->searches
seaching->searching
seach->search
searchs->searches
secion->section
secions->sections
seciton->section
secitons->sections
sectionning->sectioning
secund->second
securty->security
segement->segment
segements->segments
selction->selection
selctions->selections
sematically->semantically
sematical->semantical
sematic->semantic
sematics->semantics
sempahore->semaphore
sempahores->semaphores
senario->scenario
senarios->scenarios
sensistive->insensitive
sensistively->insensitively
sentance->sentence
sentances->sentences
sentinal->sentinel
sentinals->sentinels
separatly->separately
separed->separated
separeted->separated
separete->separate
separetes->separates
separeting->separating
separted->separated
separte->separate
separtes->separates
separting->separating
sepcified->specified
sepcifies->specifies
sepcifying->specifying
sepcify->specify
seperated->separated
seperately->separately
seperate->separate
seperates->separates
seperating->separating
seperation->separation
seperatly->separately
seperator->separator
sepperate->separate
seprator->separator
seprators->separators
sequece->sequence
sequeces->sequences
sequencially->sequentially
sequencial->sequential
serie->series
serivce->service
serivces->services
sertificate->certificate
sertificates->certificates
serveral->several
sesssion->session
sesssions->sessions
setted->set
setts->sets
settting->setting
setttings->settings
sheduled->scheduled
shedule->schedule
shedules->schedules
sheduling->scheduling
shoud->should
should'nt->shouldn't
shouldnt->shouldn't
shoule->should
siginificantly->significantly
siginificant->significant
signficantly->significantly
signficant->significant
signle->single
similarily->similarly
similary->similarly
similiarly->similarly
similiar->similar
simlarlity->similarity
simlarly->similarly
simlar->similar
simliar->similar
simmilar->similar
simplier->simpler
simpliest->simplest
simultanously->simultaneously
simultanous->simultaneous
singal->signal
singed->signed
sitation->situation
sitations->situations
skiped->skipped
skiping->skipping
slashs->slashes
sligthly->slightly
sligth->slight
smae->same
smaple->sample
smaples->samples
softwares->software
sofware->software
somehwat->somewhat
somehwere->somewhere
somes->some
someting->something
somthing->something
souce->source
souces->sources
soure->source
soures->sources
spawed->spawned
spawing->spawning
spaw->spawn
spaws->spawns
speach->speech
spearator->separator
spearators->separators
specfication->specification
specfications->specifications
specfic->specific
specfied->specified
specfies->specifies
specfying->specifying
specfy->specify
speciefied->specified
specifc->specific
specifed->specified
specificatin->specification
specificaton->specification
specificiation->specification
specificiations->specifications
specifing->specifying
specifiying->specifying
specifiy->specify
speficied->specified
spefic->specific
speling->spelling
splitted->split
spported->supported
spporting->supporting
spports->supports
spport->support
spreaded->spread
spurios->spurious
sructures->structures
sructure->structure
staically->statically
standardss->standards
standart->standard
staticly->statically
statisfied->satisfied
statisfies->satisfies
statisfying->satisfying
statisfy->satisfy
statments->statements
statment->statement
stirngs->strings
stirng->string
stoped->stopped
stoping->stopping
stoppped->stopped
straighforward->straightforward
straightfoward->straightforward
straigth->straight
straigt->straight
streched->stretched
streches->stretches
streching->stretching
strech->stretch
strenghts->strengths
strenght->strength
strenth->strength
structres->structures
structre->structure
stucts->structs
stuct->struct
stuctures->structures
stucture->structure
sturctures->structures
sturcture->structure
subcribed->subscribed
subcribes->subscribes
subcribe->subscribe
subcribing->subscribing
subdirectoires->subdirectories
subdirectorys->subdirectories
subexpresssions->subexpressions
subexpresssion->subexpression
suble->subtle
subseqent->subsequent
subsequest->subsequent
substituded->substituted
substitudes->substitutes
substitude->substitute
substituding->substituting
substituions->substitutions
substituion->substitution
substracted->subtracted
substracting->subtracting
substraction->subtraction
substracts->subtracts
substract->subtract
subsytems->subsystems
subsytem->subsystem
subtituted->substituted
subtitutes->substitutes
subtitute->substitute
subtituting->substituting
subtitutions->substitutions
subtitution->substitution
succeded->succeeded
succedes->succeeds
succede->succeed
succeding->succeeding
succeedes->succeeds
succesfully->successfully
succesful->successful
succesive->successive
succesors->successors
succesor->successor
successfull->successful
successfuly->successfully
succint->succinct
suceeded->succeeded
suceeding->succeeding
suceeds->succeeds
suceed->succeed
sucesses->successes
sucessfull->successful
sucessfully->successfully
sucessfuly->successfully
sucess->success
sufficently->sufficiently
sufficent->sufficient
sugestions->suggestions
sugestion->suggestion
sugests->suggests
superflous->superfluous
superseeded->superseded
suplied->supplied
suported->supported
suporting->supporting
suports->supports
suport->support
suppied->supplied
suppies->supplies
suppored->supported
supportd->supported
supportin->supporting
suppoted->supported
suppported->supported
suppporting->supporting
suppports->supports
suppport->support
suppying->supplying
suppy->supply
supressed->suppressed
supresses->suppresses
supressing->suppressing
supress->suppress
suprised->surprised
suprises->surprises
suprise->surprise
suprising->surprising
surounded->surrounded
suroundings->surroundings
surounding->surrounding
surounds->surrounds
suround->surround
surpressed->suppressed
surpresses->suppresses
surpressing->suppressing
surpress->suppress
suspicously->suspiciously
suspicous->suspicious
sustitutions->substitutions
sustitution->substitution
suuported->supported
suuporting->supporting
suuports->supports
suuport->support
swaped->swapped
swaping->swapping
switchs->switches
syles->styles
syle->style
sylog->syslog
symetric->symmetric
synax->syntax
synchonisation->synchronisation
synchonised->synchronised
synchonises->synchronises
synchonise->synchronise
synchonising->synchronising
synchonization->synchronization
synchonized->synchronized
synchonizes->synchronizes
synchonize->synchronize
synchonizing->synchronizing
syncronised->synchronised
syncronises->synchronises
syncronise->synchronise
syncronising->synchronising
syncronizations->synchronizations
syncronization->synchronization
syncronized->synchronized
syncronizes->synchronizes
syncronize->synchronize
syncronizing->synchronizing
syncronously->synchronously
syncronous->synchronous
syncronus->synchronous
synopsys->synopsis
syste->system
sytems->systems
sytem->system
sythesis->synthesis
taht->that
targetted->targeted
targetting->targeting
teached->taught
teh->the
temorary->temporary
tempararily->temporarily
temparary->temporary
terminaters->terminators
terminater->terminator
texually->textually
texual->textual
thansk->thanks
thats->that's
theer->there
theres->there's
therfore->therefore
theyre->they're
thier->their
thie->the
threasholds->thresholds
threashold->threshold
threds->threads
thred->thread
threhold->threshold
threshholds->thresholds
threshhold->threshold
throught->through
throug->through
throuth->through
thses->these
thsi->this
tiggered->triggered
tiggering->triggering
tiggers->triggers
tigger->trigger
tigthened->tightened
tigthening->tightening
tigthens->tightens
tigthen->tighten
tigth->tight
tihs->this
timeing->timing
timetamps->timestamps
timetamp->timestamp
timming->timing
timout->timeout
tipically->typically
togehter->together
togther->together
touple->tuple
traditionnal->traditional
trailling->trailing
tranceivers->transceivers
tranceiver->transceiver
tranfered->transfered
tranfering->transfering
tranfers->transfers
tranfer->transfer
tranformations->transformations
tranformation->transformation
tranformed->transformed
tranforming->transforming
tranforms->transforms
tranform->transform
tranlated->translated
tranlates->translates
tranlate->translate
tranlating->translating
tranlations->translations
tranlation->translation
tranparently->transparently
tranparent->transparent
transations->transactions
transation->transaction
transciever->transceiver
transfered->transferred
transfering->transferring
transfromations->transformations
transfromation->transformation
transfromed->transformed
transfroming->transforming
transfroms->transforms
transfrom->transform
transisions->transitions
transision->transition
transistions->transitions
transistion->transition
transitionned->transitioned
transmiters->transmitters
transmiter->transmitter
transmiting->transmitting
transmition->transmission
transmittion->transmission
transormed->transformed
transorming->transforming
transorms->transforms
transorm->transform
transparancy->transparency
transparantly->transparently
transparant->transparent
transtions->transitions
transtion->transition
transtitions->transitions
transtition->transition
trasmission->transmission
treshold->threshold
trigerring->triggering
triggerred->triggered
trucated->truncated
trucates->truncates
trucate->truncate
trucating->truncating
truely->truly
tupples->tuples
tupple->tuple
typicaly->typically
typles->tuples
typle->tuple
udpated->updated
udpates->updates
udpate->update
udpating->updating
uesd->used
uglyness->ugliness
uknown->unknown
unabailable->unavailable
unamed->unnamed
unavaible->unavailable
unavailabel->unavailable
unavailible->unavailable
uncertainities->uncertainties
uncertainity->uncertainty
uncomented->uncommented
uncomenting->uncommenting
uncoments->uncomments
uncoment->uncomment
uncommited->uncommitted
uncommmented->uncommented
uncommmenting->uncommenting
uncommments->uncomments
uncommment->uncomment
uncomplete->incomplete
unconditionaly->unconditionally
uncorrect->incorrect
uncorrectly->incorrectly
uncoverted->unconverted
uncrypted->unencrypted
underuns->underruns
underun->underrun
undesireable->undesirable
undestand->understand
undestood->understood
unecessary->unnecessary
uneeded->unneeded
unexcpected->unexpected
unexecpted->unexpected
unexected->unexpected
unexepcted->unexpected
unexpetedly->unexpectedly
unexpeted->unexpected
unfortunatelly->unfortunately
unfortunatly->unfortunately
unforunately->unfortunately
unforunate->unfortunate
uninitalized->uninitialized
unintentially->unintentionally
unintialised->uninitialised
unintialized->uninitialized
uniqe->unique
unitialized->uninitialized
univerities->universities
univerity->university
unknonw->unknown
unknow->unknown
unknwon->unknown
unkown->unknown
unles->unless
unneccecarily->unnecessarily
unneccecary->unnecessary
unneccesarily->unnecessarily
unneccesary->unnecessary
unneccessarily->unnecessarily
unneccessary->unnecessary
unnecesarily->unnecessarily
unnecesarrily->unnecessarily
unnecesarry->unnecessary
unnecesary->unnecessary
unnecessarilly->unnecessarily
unnecessar->unnecessary
unnecesserily->unnecessarily
unnecessery->unnecessary
unnedded->unneeded
unneedingly->unnecessarily
unnescessarily->unnecessarily
unnescessary->unnecessary
unnesesarily->unnecessarily
unnessecarily->unnecessarily
unnessecary->unnecessary
unnessesarily->unnecessarily
unnessesary->unnecessary
unnessessarily->unnecessarily
unnessessary->unnecessary
unoffical->unofficial
unorderd->unordered
unqouted->unquoted
unqoutes->unquotes
unqoute->unquote
unqouting->unquoting
unrecogized->unrecognized
unreconized->unrecognized
unresonable->unreasonable
unsinged->unsigned
unspported->unsupported
unsual->unusual
unsuccesfully->unsuccessfully
unsuccesful->unsuccessful
unsuccessfull->unsuccessful
unsued->unused
unsuported->unsupported
untill->until
unusally->unusually
unusal->unusual
unuseable->unusable
unuseful->useless
unusuable->unusable
unvailable->unavailable
unversionned->unversioned
unversoned->unversioned
upated->updated
upates->updates
upate->update
upating->updating
updateing->updating
upsream->upstream
upsteam->upstream
upstrema->upstream
upto->up to
usally->usually
usal->usual
usefule->useful
usefull->useful
usege->usage
usera->users
userful->useful
usetnet->Usenet
usuable->usable
usualy->usually
utilites->utilities
utillities->utilities
utilties->utilities
utiltity->utility
utitlty->utility
utlity->utility
vaiables->variables
vaiable->variable
vaild->valid
validing->validating
valied->valid
valueable->valuable
varables->variables
varable->variable
varaibles->variables
varaible->variable
variabes->variables
variabe->variable
variantions->variations
varibales->variables
varibale->variable
varient->variant
varity->variety
vauled->valued
vaules->values
vaule->value
vauling->valuing
verbse->verbose
verfication->verification
verions->versions
verion->version
verious->various
verisons->versions
verison->version
veritical->vertical
verry->very
versionned->versioned
versionning->versioning
versoned->versioned
versons->versions
verson->version
verticaly->vertically
verticies->vertices
veryified->verified
veryifies->verifies
veryifying->verifying
veryify->verify
vicefersa->vice-versa
visiters->visitors
vitual->virtual
want's->wants
wan't->want
waranties->warranties
waranty->warranty
wasnt->wasn't
was'nt->weren't
weigth->weight
weired->weird
were'nt->wasn't
werent->weren't
wether->whether
whataver->whatever
whcih->which
whenver->whenever
wheras->whereas
whereever->wherever
wheter->whether
whish->wish
whitch->which
whithout->without
whith->with
wich->which
widht->width
wierd->weird
wihout->without
wiht->with
wiil->will
wilcards->wildcards
wilcard->wildcard
willl->will
wirtes->writes
wirte->write
withing->within
withthe->with the
witin->within
wnated->wanted
wnating->wanting
wnats->wants
wnat->want
wont->won't
workaroung->workaround
woudn't->wouldn't
woud->would
would'nt->wouldn't
writeing->writing
writen->written
writting->writing
xwindows->X
yeilded->yielded
yeilding->yielding
yeilds->yields
yeild->yield
yelded->yielded
yelding->yielding
yelds->yields
yeld->yield
yur->your
